controller_name,seed,score,steps,avg_compute_time_ms,max_steps_reached
Drunk,0,2,5010,0.0018991817232963076,False
Drunk,1,4,4653,0.0019426606080366522,False
Drunk,2,5,8901,0.0020453882429018657,False
Drunk,3,6,9246,0.0019574086455419366,False
Drunk,4,3,10000,0.001817700022365898,True
Drunk,5,4,3734,0.001992340691530569,False
Drunk,6,4,6423,0.00229483106393682,False
Drunk,7,7,1093,0.002111070599809139,False
Drunk,8,3,2754,0.0023325707025121903,False
Drunk,9,2,5356,0.0018928864417156683,False
Drunk,10,6,1629,0.0023972988979087113,False
Drunk,11,2,1684,0.0020203682600361274,False
Drunk,12,2,7668,0.0018034559836491882,False
Drunk,13,6,7144,0.0019780795754204385,False
Drunk,14,3,3365,0.0019549777648961075,False
Drunk,15,6,8179,0.001985829529545036,False
Drunk,16,6,5462,0.0019501648352945892,False
Drunk,17,6,5905,0.002063522512601037,False
Drunk,18,2,7268,0.0020696615602156833,False
Drunk,19,2,2188,0.001835329029540969,False
Drunk,20,2,1211,0.0018460776916036767,False
Drunk,21,6,6015,0.002024355868004566,False
Drunk,22,6,3739,0.001989328717322451,False
Drunk,23,0,10000,0.0017433100423659199,True
Drunk,24,2,1182,0.0024038071158324725,False
Drunk,25,4,6401,0.0018448211582275124,False
Drunk,26,2,2023,0.0018871971506747873,False
Drunk,27,4,5393,0.002057797244356055,False
Drunk,28,4,9434,0.002003985526398944,False
Drunk,29,3,6011,0.0019091166239385213,False
Drunk,30,3,7346,0.0019084128163936993,False
Drunk,31,6,5274,0.0020148844416355686,False
Drunk,32,4,6291,0.0020936416270203343,False
Drunk,33,5,4506,0.0020720594877474707,False
Drunk,34,4,6429,0.002018447630044388,False
Drunk,35,3,7262,0.0019878683994821456,False
Drunk,36,3,8227,0.0017569466505542224,False
Drunk,37,3,1648,0.00210807036955443,False
Drunk,38,5,3997,0.0019373780553673492,False
Drunk,39,4,4132,0.0019269844068354942,False
Drunk,40,3,2922,0.002015434606690827,False
Drunk,41,2,4230,0.0019419622139941381,False
Drunk,42,2,7517,0.0019422242654664908,False
Drunk,43,5,6158,0.0019677329960505418,False
Drunk,44,6,3058,0.0022384237863965198,False
Drunk,45,5,5120,0.0019234766710951592,False
Drunk,46,4,4140,0.0020177052471593276,False
Drunk,47,2,2740,0.0018589781197025882,False
Drunk,48,5,9369,0.0019781086183076452,False
Drunk,49,3,10000,0.001990750055119861,True
Drunk,50,2,5761,0.0018947577908674908,False
Drunk,51,2,4370,0.002292677314176269,False
Drunk,52,5,6742,0.0019228270983988448,False
Drunk,53,4,8409,0.0018392317786859078,False
Drunk,54,3,3736,0.0021855995392492163,False
Drunk,55,3,3721,0.0018343186867004124,False
Drunk,56,4,8090,0.0019796662930110227,False
Drunk,57,2,1335,0.0019151310188772527,False
Drunk,58,4,3109,0.0020011258972467225,False
Drunk,59,2,5463,0.0018596375190095271,False
Drunk,60,4,1687,0.002315412076752109,False
Drunk,61,2,956,0.0022020919067506526,False
Drunk,62,3,4260,0.0018812441912003106,False
Drunk,63,4,3456,0.0020135705232894032,False
Drunk,64,4,3007,0.00191054204020477,False
Drunk,65,4,5385,0.0018503249357190734,False
Drunk,66,5,7181,0.001998635394944978,False
Drunk,67,5,4725,0.0020361692483275733,False
Drunk,68,2,5700,0.0019157369005322262,False
Drunk,69,6,4619,0.002043537496528434,False
Drunk,70,3,7122,0.0018079050368587813,False
Drunk,71,5,9742,0.001952730480316618,False
Drunk,72,3,3336,0.002028027639628837,False
Drunk,73,5,7433,0.002035907456439831,False
Drunk,74,4,7616,0.0019329962935994481,False
Drunk,75,4,5097,0.0018863253178618,False
Drunk,76,4,6737,0.002078269292526909,False
Drunk,77,2,2988,0.002056860776089501,False
Drunk,78,5,4990,0.002183867686681024,False
Drunk,79,5,5330,0.002080788072521884,False
Drunk,80,4,5998,0.002060620166301086,False
Drunk,81,2,5921,0.0018885830570477284,False
Drunk,82,5,3489,0.001998624201024773,False
Drunk,83,2,617,0.0028074554152970883,False
Drunk,84,2,7487,0.0018238947439658405,False
Drunk,85,2,2194,0.0020365998382491646,False
Drunk,86,4,3525,0.002148538891470443,False
Drunk,87,3,9074,0.0019999007685673445,False
Drunk,88,4,8315,0.0018711726485583003,False
Drunk,89,2,3372,0.001825889717191756,False
Drunk,90,6,7840,0.0018850510356542701,False
Drunk,91,4,3466,0.002045441509472487,False
Drunk,92,4,2054,0.0022523367178160243,False
Drunk,93,4,4947,0.0018243783981043622,False
Drunk,94,4,5091,0.001961539965122938,False
Drunk,95,1,10000,0.0018730899770162067,True
Drunk,96,5,4511,0.001987652359237162,False
Drunk,97,4,4989,0.0020328322012699122,False
Drunk,98,4,4131,0.0020783587776363904,False
Drunk,99,3,4551,0.001876708428988119,False
Greedy,0,53,1162,0.0038534422408470406,False
Greedy,1,59,1415,0.004024523131009652,False
Greedy,2,34,663,0.003223378434433106,False
Greedy,3,35,894,0.0034275168824630478,False
Greedy,4,28,534,0.0030277152471628026,False
Greedy,5,50,1178,0.0038516978695292926,False
Greedy,6,32,722,0.0036121880970353525,False
Greedy,7,43,988,0.004130667890893364,False
Greedy,8,10,187,0.0024037437207180073,False
Greedy,9,60,1486,0.004069784720877027,False
Greedy,10,25,502,0.003909362257185552,False
Greedy,11,32,632,0.003152690071515338,False
Greedy,12,63,1451,0.0042333561776406155,False
Greedy,13,75,1831,0.005203768414364347,False
Greedy,14,41,950,0.0034994737239015337,False
Greedy,15,49,1126,0.003570603982373397,False
Greedy,16,50,1127,0.00421508403264396,False
Greedy,17,44,1044,0.003988218846796902,False
Greedy,18,61,1362,0.004980322951809934,False
Greedy,19,28,510,0.0041809804422561735,False
Greedy,20,47,1062,0.0037073446765477133,False
Greedy,21,24,491,0.0030136458663926166,False
Greedy,22,47,1023,0.00371466279152748,False
Greedy,23,22,507,0.0036696252331350743,False
Greedy,24,34,771,0.003279247918364323,False
Greedy,25,42,1002,0.0035001996907167614,False
Greedy,26,51,1157,0.00393923946107716,False
Greedy,27,50,1121,0.0037733272350884235,False
Greedy,28,58,1248,0.004152323515135765,False
Greedy,29,33,601,0.0031006653419697345,False
Greedy,30,23,465,0.0028333332519778,False
Greedy,31,10,199,0.00254271355113623,False
Greedy,32,47,950,0.0036785261105059795,False
Greedy,33,43,819,0.0037153848150963367,False
Greedy,34,29,502,0.0032121510686913125,False
Greedy,35,40,742,0.003631401851313877,False
Greedy,36,34,735,0.0032828571148166043,False
Greedy,37,38,822,0.0035652067502926574,False
Greedy,38,53,1175,0.003861787065150256,False
Greedy,39,33,621,0.0037347827869318967,False
Greedy,40,31,735,0.0032035374164986774,False
Greedy,41,46,1116,0.0037086017813289865,False
Greedy,42,37,751,0.0034251663864549304,False
Greedy,43,47,1024,0.0036966796415072167,False
Greedy,44,46,852,0.0036629106956829224,False
Greedy,45,36,814,0.004013513307989843,False
Greedy,46,44,931,0.003520085973511065,False
Greedy,47,44,863,0.004123522833136459,False
Greedy,48,56,1187,0.0038136478972275252,False
Greedy,49,34,773,0.004058473321511609,False
Greedy,50,63,1479,0.004335564436114559,False
Greedy,51,40,865,0.003910520533907276,False
Greedy,52,45,861,0.004151799919816008,False
Greedy,53,77,1856,0.0044954741293497195,False
Greedy,54,34,734,0.003316076524740933,False
Greedy,55,33,637,0.003329827153237955,False
Greedy,56,22,494,0.0029026313523690286,False
Greedy,57,27,548,0.002941423210266121,False
Greedy,58,29,690,0.0031986955867108445,False
Greedy,59,38,845,0.0032511243035950694,False
Greedy,60,39,907,0.003987431210823062,False
Greedy,61,33,625,0.0032712000887840983,False
Greedy,62,46,1053,0.0035752133840645495,False
Greedy,63,53,1385,0.003777256259435808,False
Greedy,64,52,1261,0.0039097542764100525,False
Greedy,65,49,1169,0.003958169427752922,False
Greedy,66,20,443,0.002788035831052566,False
Greedy,67,40,828,0.0036236715679065943,False
Greedy,68,60,1506,0.0050023905258065465,False
Greedy,69,32,637,0.0036455259740270753,False
Greedy,70,40,868,0.0035520735873265643,False
Greedy,71,42,873,0.0035956472523546727,False
Greedy,72,69,1624,0.004538731472672817,False
Greedy,73,44,897,0.003658194045449006,False
Greedy,74,20,431,0.004235498712229566,False
Greedy,75,34,675,0.0034079996058372438,False
Greedy,76,49,1114,0.004124236514681492,False
Greedy,77,32,713,0.0034340812691107266,False
Greedy,78,37,804,0.0033231342207890617,False
Greedy,79,37,764,0.0035662305319172217,False
Greedy,80,51,1059,0.003839943340757019,False
Greedy,81,45,975,0.0038149744534912784,False
Greedy,82,37,765,0.003289542841158953,False
Greedy,83,40,912,0.0036439696327362435,False
Greedy,84,52,1145,0.004004540979784942,False
Greedy,85,36,799,0.003579974964054742,False
Greedy,86,51,1203,0.0038395676983857922,False
Greedy,87,41,848,0.0035516506682571796,False
Greedy,88,47,1000,0.0039906003075884655,False
Greedy,89,38,920,0.003995760767872486,False
Greedy,90,38,833,0.0034420170216392927,False
Greedy,91,42,862,0.0037743620070188008,False
Greedy,92,28,544,0.0035045957648595933,False
Greedy,93,51,1259,0.0038724382827946113,False
Greedy,94,60,1367,0.00406122893665937,False
Greedy,95,56,1179,0.004027226370655828,False
Greedy,96,57,1299,0.004052347830712531,False
Greedy,97,48,1271,0.003913296612377486,False
Greedy,98,38,839,0.003582359895474223,False
Greedy,99,51,1108,0.0038879963921110683,False
BFS,0,108,2566,0.10685685899367066,False
BFS,1,117,2775,0.10255682890970462,False
BFS,2,65,1323,0.10248662131806471,False
BFS,3,126,2957,0.10819692260189354,False
BFS,4,118,2753,0.1161224484692987,False
BFS,5,62,1326,0.1024141025951246,False
BFS,6,140,3484,0.1523159586802223,False
BFS,7,104,2438,0.14879204248262676,False
BFS,8,111,2478,0.184763478689479,False
BFS,9,36,720,0.20563666684110005,False
BFS,10,129,3116,0.25209855588440083,False
BFS,11,150,3750,0.1754163467674516,False
BFS,12,105,2628,0.17846548701055304,False
BFS,13,114,2573,0.14542005424431367,False
BFS,14,134,3165,0.16123860982768268,False
BFS,15,130,3118,0.1446797945696847,False
BFS,16,113,2603,0.13958033043415333,False
BFS,17,122,2680,0.1397846639710183,False
BFS,18,141,3451,0.14873274405294196,False
BFS,19,84,1863,0.14204036508663345,False
BFS,20,69,1327,0.13447942717713898,False
BFS,21,93,2063,0.13592743565183055,False
BFS,22,121,2967,0.15595032009388718,False
BFS,23,125,2961,0.1572118876235747,False
BFS,24,66,1437,0.16718970076561754,False
BFS,25,101,2245,0.14135950990513854,False
BFS,26,87,1999,0.1637384189778367,False
BFS,27,128,2801,0.15095626554114067,False
BFS,28,71,1457,0.142576320983908,False
BFS,29,108,2494,0.15190661605452196,False
BFS,30,85,1848,0.15835963177853274,False
BFS,31,106,2338,0.15050419170084395,False
BFS,32,96,2216,0.14912897095463276,False
BFS,33,121,2663,0.1346734509677628,False
BFS,34,86,1819,0.14603947214856478,False
BFS,35,90,1987,0.14433663814424932,False
BFS,36,118,2665,0.14387208266851212,False
BFS,37,45,879,0.162315813374766,False
BFS,38,108,2353,0.14312205697720315,False
BFS,39,165,3862,0.14430271884191836,False
BFS,40,110,2443,0.14736426517464002,False
BFS,41,125,3087,0.15248655652251591,False
BFS,42,115,2859,0.17116002087645335,False
BFS,43,108,2308,0.13851460133073126,False
BFS,44,93,2257,0.15804474958344283,False
BFS,45,85,1799,0.1484045581033416,False
BFS,46,126,2984,0.1513383043072035,False
BFS,47,112,2488,0.14449863344636987,False
BFS,48,95,2059,0.1441508499639617,False
BFS,49,112,2572,0.1487274880737445,False
BFS,50,56,1069,0.13662946701352116,False
BFS,51,95,2290,0.15993668121671076,False
BFS,52,90,2042,0.14094520066713143,False
BFS,53,78,1640,0.15762048796005262,False
BFS,54,97,2203,0.15112728108658277,False
BFS,55,114,2546,0.1365979184796291,False
BFS,56,108,2553,0.15212111237987475,False
BFS,57,122,2746,0.15092949749334142,False
BFS,58,49,891,0.16609573526821161,False
BFS,59,136,3295,0.1423789984933475,False
BFS,60,147,3704,0.15740623645402477,False
BFS,61,132,3129,0.16127510395358813,False
BFS,62,118,2831,0.1530091485600502,False
BFS,63,135,2867,0.13115298229474823,False
BFS,64,116,2679,0.15113725282501092,False
BFS,65,95,2205,0.1618251247585449,False
BFS,66,82,1767,0.1377891343798231,False
BFS,67,128,3122,0.16590230628397032,False
BFS,68,126,3102,0.17026108979706267,False
BFS,69,98,2197,0.15290277659764592,False
BFS,70,39,878,0.17547722086989256,False
BFS,71,107,2604,0.15021313367033814,False
BFS,72,85,1915,0.1589868929420717,False
BFS,73,104,2443,0.16703708556948083,False
BFS,74,144,3506,0.1487515117361859,False
BFS,75,84,1760,0.13788079537665576,False
BFS,76,143,3170,0.13943599375520838,False
BFS,77,126,3384,0.16938229888896666,False
BFS,78,106,2507,0.16204479445947023,False
BFS,79,132,3321,0.15288057831313445,False
BFS,80,171,4098,0.154421839859028,False
BFS,81,125,2924,0.14472417911428961,False
BFS,82,138,3262,0.14532286945764994,False
BFS,83,112,2341,0.14187296041540504,False
BFS,84,142,3524,0.15752329720837244,False
BFS,85,104,2506,0.16224628883979417,False
BFS,86,137,3504,0.15530137005284667,False
BFS,87,125,3012,0.15410278894589746,False
BFS,88,83,1877,0.16049605754525864,False
BFS,89,175,4786,0.1639490599140151,False
BFS,90,118,2862,0.1613561495406645,False
BFS,91,146,3728,0.1558587716079453,False
BFS,92,153,4358,0.16873340966760067,False
BFS,93,89,2102,0.15557654581275715,False
BFS,94,124,3090,0.16004472510764092,False
BFS,95,139,3460,0.1524463583568227,False
BFS,96,88,1726,0.12413348792262993,False
BFS,97,119,2900,0.15412562077660275,False
BFS,98,111,2497,0.13691101324843177,False
BFS,99,70,1505,0.1580927575523795,False
Flood,0,108,2566,0.1830114575704692,False
Flood,1,141,3519,0.19658079012198512,False
Flood,2,65,1323,0.17064414186185284,False
Flood,3,174,4890,0.21072615540392625,False
Flood,4,190,5384,0.20010926823049058,False
Flood,5,138,2911,0.16642184825381345,False
Flood,6,80,1807,0.18684676247495563,False
Flood,7,128,3197,0.17212280256799395,False
Flood,8,99,2278,0.1694730463665354,False
Flood,9,36,720,0.1490109726041232,False
Flood,10,100,2098,0.16765128700169168,False
Flood,11,90,2177,0.18622728526173224,False
Flood,12,109,2827,0.20134326157518861,False
Flood,13,114,2573,0.17687217263084806,False
Flood,14,166,4588,0.2079102004480716,False
Flood,15,96,2487,0.17874439071159312,False
Flood,16,113,2603,0.16775674226026,False
Flood,17,122,2680,0.16943444045036404,False
Flood,18,127,2933,0.17110664851291463,False
Flood,19,84,1863,0.1620462157284132,False
Flood,20,69,1327,0.1432972118268477,False
Flood,21,93,2063,0.15632472140342085,False
Flood,22,102,2419,0.18120926020083872,False
Flood,23,135,3283,0.19328924756800825,False
Flood,24,66,1437,0.19578058439283907,False
Flood,25,101,2245,0.1843591981200825,False
Flood,26,87,1999,0.18428339186546602,False
Flood,27,128,2801,0.18230885391445117,False
Flood,28,71,1457,0.15467062467302012,False
Flood,29,108,2494,0.18247638324064813,False
Flood,30,88,1891,0.16537979925609092,False
Flood,31,106,2338,0.16680354986850085,False
Flood,32,96,2216,0.17248456688551148,False
Flood,33,121,2663,0.1578125797166747,False
Flood,34,86,1819,0.1707047829257274,False
Flood,35,90,1987,0.16555042797107827,False
Flood,36,111,2485,0.17262032193809157,False
Flood,37,45,879,0.1591532422112835,False
Flood,38,89,1936,0.16988063009554655,False
Flood,39,133,3111,0.1823220506957614,False
Flood,40,156,3741,0.1884928092398337,False
Flood,41,133,3376,0.19608133877800657,False
Flood,42,103,2283,0.17356754280142347,False
Flood,43,108,2308,0.16235589257997712,False
Flood,44,100,2636,0.19959931726372596,False
Flood,45,85,1799,0.16724396894790497,False
Flood,46,78,1770,0.17410412424679395,False
Flood,47,117,2687,0.17684328245214118,False
Flood,48,95,2059,0.16979757174980684,False
Flood,49,100,2246,0.17017168285871898,False
Flood,50,56,1069,0.14318933590555735,False
Flood,51,95,2348,0.18215660134395245,False
Flood,52,90,2042,0.16711733585766753,False
Flood,53,78,1640,0.18635189023881119,False
Flood,54,97,2203,0.17303077611074325,False
Flood,55,112,2581,0.17507931020037595,False
Flood,56,78,1930,0.18364461125272755,False
Flood,57,125,2798,0.18211383130561143,False
Flood,58,49,891,0.14935432099091783,False
Flood,59,114,2573,0.15931507969149153,False
Flood,60,89,1938,0.17933730665461944,False
Flood,61,160,4225,0.2018405444480578,False
Flood,62,126,3030,0.17661382818326396,False
Flood,63,104,2151,0.1622624359747827,False
Flood,64,116,2679,0.17564482998768458,False
Flood,65,95,2205,0.18457909294297442,False
Flood,66,111,2540,0.1691830314477671,False
Flood,67,131,3089,0.1806146973922973,False
Flood,68,139,3558,0.20054718946255148,False
Flood,69,104,2409,0.17537077610710913,False
Flood,70,39,878,0.1877464695892229,False
Flood,71,107,2604,0.17361044564748257,False
Flood,72,97,2203,0.17450177030012398,False
Flood,73,141,3628,0.21179536928415946,False
Flood,74,137,3076,0.16774001951832462,False
Flood,75,122,2936,0.18340745898655472,False
Flood,76,143,3170,0.17609747638264878,False
Flood,77,148,3616,0.18101346781844993,False
Flood,78,106,2507,0.18919429618256567,False
Flood,79,132,3321,0.19251026805551671,False
Flood,80,136,3338,0.1867205510732041,False
Flood,81,98,2143,0.17344167060718527,False
Flood,82,132,3186,0.1891295041233285,False
Flood,83,87,1980,0.16784469690820616,False
Flood,84,163,4550,0.20946002196889002,False
Flood,85,104,2506,0.19681999213513765,False
Flood,86,100,2141,0.1762695936836839,False
Flood,87,109,2518,0.1770095313798708,False
Flood,88,83,1877,0.19296750133362442,False
Flood,89,144,3618,0.21073808731632093,False
Flood,90,118,2862,0.21453204062378625,False
Flood,91,111,2593,0.1872351330338995,False
Flood,92,143,3941,0.2507932504687297,False
Flood,93,89,2102,0.22641874431764492,False
Flood,94,97,2361,0.2079035156103812,False
Flood,95,112,2667,0.20774176971333708,False
Flood,96,64,1255,0.1437380077040001,False
Flood,97,119,2900,0.17900341399142453,False
Flood,98,128,2953,0.16805523205967984,False
Flood,99,70,1505,0.1966561461323903,False
